model,bleu,rouge_l_f1,meteor,lr,ls,cer,wer,edit_distance_chars,edit_distance_tokens,ref_length_chars,hyp_length_chars,ref_length_tokens,hyp_length_tokens
llama3,0.0009065677158813828,0.005414691128976844,0.005507544087221536,0.4719258277486171,0.1818655059875196,0.9611170784103116,1.8101010101010104,894.8,179.2,931.0,924.4,99.0,161.6
llama3-1,0.00798202425927563,0.0204711221724677,0.02317220660161009,0.5480292591560251,0.21210771711102644,1.0012889366272826,1.6868686868686869,932.2,167.0,931.0,1115.2,99.0,169.6
chatgpt-o3,0.040315071937747415,0.0960270830497159,0.28191557141789714,0.289716301554879,0.1119291116356725,3.7413533834586468,3.0040404040404036,3483.2,297.4,931.0,3924.4,99.0,315.8
deepseek-r1-8b,0.00455904865637043,0.01827392105508197,0.02850569414404251,0.3235791274782018,0.15272800938620987,5.561403508771929,10.552188552188552,5177.666666666667,1044.6666666666667,931.0,5776.333333333333,99.0,1049.6666666666667
gemini-2-5-pro,0.055207871370381266,0.08684232447360023,0.4353021301877525,0.01916076345931955,0.007532552210963228,108.30827067669172,7.351515151515152,100835.0,727.8,931.0,101457.2,99.0,757.6
llama3-3,0.010707448221665717,0.029025424206796057,0.04697388174504741,0.47886477656999143,0.211480988334318,1.630075187969925,2.8727272727272726,1517.6,284.4,931.0,1913.6,99.0,290.0
mistral,0.014305380260887905,0.03916268289252679,0.04807932979759035,0.5358211048996816,0.2171946537375354,1.0051557465091299,1.81010101010101,935.8,179.2,931.0,1082.4,99.0,177.4
deepseek-r1-1-5b,0.0024956626596811813,0.01408514168935436,0.03471122517824976,0.32892273918525233,0.15960244758082484,3.4038668098818476,5.941414141414141,3169.0,588.2,931.0,3758.6,99.0,592.4
